id,question,answer,explanation
1,１４世紀にヨーロッパでまん延し、多くの死者を出した病気とは何か。,ペスト/黒死病,
2,十字軍の失敗やペストのまん延などで、教会の力が弱まり、イタリアを中心に広まった人間を中心に置いた、古代ローマやギリシャの文化や風潮を何というか。,ルネサンス/文芸復興,
3,ルネサンス期に活動した、『モナリザ』や『最後の晩餐』の作者は誰か。,レオナルドダビンチ/レオナルドダヴィンチ,
4,ルネサンス期に活動した、『ダビデ像』や『最後の審判』の作者は誰か。,ミケランジェロ,
5,ルネサンス期に活動した、『ギリシャの学堂』の作者は誰か。,ラファエロ,
6,ルネサンス期に活動した、『春』という絵画の作者は誰か。,ボッティチェリ,
7,天文学の研究から、天動説の矛盾を発見し、地動説を唱えた学者は誰か。,ガリレイ/ガリレオ・ガリレイ/ガリレオガリレイ,
8,ガリレイが唱えた、太陽を中心に天体が公転しているという考えを何というか。,地動説,
9,地球上の物体には、等しく重力が働くという考え（万有引力の法則）唱えた学者は誰か。,ニュートン,
10,ニュートンが唱えた、地球上の物体には等しく重力が働くという考え方を何というか。,万有引力の法則,
11,１５世紀ごろ、中国からヨーロッパに伝わり、後の大航海時代のきっかけになった道具とは何か。,羅針盤,
12,羅針盤の改良と世界地図の作成で、遠洋航海が進んだ時代を何というか。,大航海時代,
13,大航海時代に、喜望峰を通りインドへの航路を発見した人物とは誰か。,バスコダガマ/バスコ・ダ・ガマ,
14,１５世紀末、大西洋を横断し、新大陸を発見した人物とは誰か。,コロンブス,
15,１６世紀、船団を率いて、その一行が世界一周を達成した人物とは誰か。,マゼラン,
16,コロンブスが、大西洋を横断し到達した場所とはどこか。,西インド諸島,
17,バスコダガマが、インド航路を発見する際に、通過したアフリカ大陸最南端を何というか。,喜望峰,
18,ヨーロッパ人が、アジアへの航海で富を得るために手に入れようと考えたものとは何か。,香辛料,
19,ペルーのアンデス山脈の山中にある、南アメリカのインカ帝国の遺跡とは何か。,マチュピチュ/マチュピチュ遺跡,
20,新大陸の発見以降、植民地化を進めた国は、ポルトガルとどこか。,スペイン,
21,新大陸の発見以降、植民地化を進めた国は、スペインとどこか。,ポルトガル,
22,南アメリカに進出した国々が開いた、大規模農園を何というか。,プランテーション,
23,南アメリカ大陸での労働力としてアフリカから連れてこられた人々を何というか。,奴隷/黒人奴隷,
24,南アメリカに奴隷として連れてこられた人々はどこから連れてこられたか。,アフリカ大陸,
25,１６世紀末、スペインから独立し、ヨーロッパの経済の中心となった国とはどこか。,オランダ,
26,１７世紀初め、オランダやイギリスがアジア地域に作ったアジア進出の拠点を何というか。,東インド会社,
27,１６世紀、海上の支配力を強め「日のしずむことのない帝国」と呼ばれた国はどこか。,スペイン,
28,１６世紀、その海上での支配力からスペインは、何と呼ばれたか。,日のしずむことのない帝国,
29,ヨーロッパ人の侵略により滅ぼされたメキシコ周辺に存在した国とは何か。,アステカ王国,
30,ヨーロッパ人の侵略により滅ぼされたアンデス周辺に存在した国とは何か。,インカ帝国,
31,１６世紀財政難に苦しむ教会が、販売した贖宥状を何というか。,免罪符,
32,１６世紀、教会の免罪符の販売を批判したドイツの神学者とは誰か。,ルター,
33,１６世紀、教会の免罪符の販売を批判したスイスの神学者とは誰か。,カルバン,
34,教会の免罪符の販売を批判した神学者らが、カトリック教会から抜けて新たに開いた宗派を何というか。,プロテスタント,
35,免罪符の販売から発生した、キリスト教の宗派分裂のできごとを何というか。,宗教改革,
36,カトリックがプロテスタントの誕生により、信者の確保のため海外へと布教をすすめようと組織されたものは何か。,イエズス会,
37,イエズス会の宣教師で、アジアでの布教をすすめ日本も訪れた人物とは誰か。,ザビエル/フランシスコザビエル/フランシスコ・ザビエル,
38,イエズス会を結成し、海外へと布教に出た人々を何というか。,宣教師,
39,１５４３年、ポルトガル人を乗せた中国船が漂着した場所とはどこか。,種子島,
40,１５４３年、種子島に漂着し、鉄砲を伝えたのは何人か。,ポルトガル人,
41,１５４３年に種子島に漂着したポルトガル人によって伝えられたものは何か。,鉄砲/火縄銃,
42,鉄砲の伝来後、その量産化が進められた大阪の都市とはどこか。,堺,
43,鉄砲の伝来後、その量産化が進められた滋賀の都市とはどこか。,国友,
44,キリスト教が日本に広まり、信者になった人々を何と呼んだか。,キリシタン,
45,貿易と布教のために日本を訪れるスペインやポルトガルとの貿易を何というか。,南蛮貿易,
46,南蛮貿易を有利に進めるためやキリスト教への信仰心からキリスト教信者になった大名を何というか。,キリシタン大名,
47,肥前の領主で、長崎をイエズス会に寄進したのは誰か。,大村氏/大村純忠,
48,１５８２年、大友宗麟らによりローマへと派遣された４人の少年を何というか。,天正遣欧少年使節/天正遣欧使節,
49,南蛮貿易で日本からの輸出品の中心になったものは何か。,銀,
50,大航海時代を中心に、ヨーロッパ・アフリカ大陸・南アメリカの間で行われた貿易を何というか。,大西洋の三角貿易/三角貿易,
51,１６世紀、尾張一国から天下布武をかかげて勢力を拡大した人物とは誰か。,織田信長,
52,１５６０年に桶狭間で織田勢によって倒された大名とは誰か。,今川義元,
53,１５６０年に織田勢が今川勢を破った戦いとは何か。,桶狭間の戦い,
54,一時期、信長を頼るものの１５７３年に追放された室町幕府の１５代将軍とは誰か。,足利義昭,
55,１５７５年に、織田・徳川連合軍が武田氏を破った戦いとは何か。,長篠の戦い,
56,１５７５年に、織田・徳川連合軍によって倒された人物は誰か。,武田勝頼,
57,１５７７年に、勢力を拡大した織田信長によって琵琶湖湖畔に建設された城とは何か。,安土城,
58,安土城下など信長の支配権で行われた自由な売買を認めた経済政策を何というか。,楽市楽座/楽市・楽座,
59,信長との対立により、焼き払われた滋賀県の寺院とはどこか。,延暦寺/比叡山延暦寺,
60,信長に対抗する、信者が各地で蜂起した宗教とは何か。,一向宗/浄土真宗,
61,浄土真宗の信者らによって各地で引き起こされた一揆を何というか。,一向一揆,
62,１５８２年、本能寺で信長を討った人物とは誰か。,明智光秀,
63,１５８２年に、信長が明智光秀によって討たれたできごとを何というか。,本能寺の変,
64,１５８２年に、信長が明智光秀によって討たれた場所とはどこか。,本能寺,
65,織田信長の死後、その後継ぎ争いに勝利した人物とは誰か。,羽柴秀吉/豊臣秀吉,
66,勢力を拡大した秀吉が天皇により任命された官職とは何か。,関白,
67,秀吉が行った、物差しやマスの単位を統一し、全国の田畑の広さや良し悪しを調べて年貢を決めた政策を何というか。,太閤検地,
68,秀吉が検地をおこなったのち、土地の所有者や石高を記させた帳簿を何というか。,検地帳,
69,検地をおこない、その際に記された各土地の収穫高を表す単位を何というか。,石高,
70,大仏の建立を理由に、百姓や寺社から武器となるものを取り上げた政策を何というか。,刀狩/刀狩令,
71,検地や刀狩を行うことで武士と百姓の立場を明確に分けたことを何というか。,兵農分離,
72,キリスト教の広まりに対して、宣教師の国外追放を命じた命令を何というか。,伴天連追放令/バテレン追放令,
73,室町時代後期から江戸時代にかけて、信長や秀吉が中心になった時代を何というか。,安土桃山時代,
74,一向一揆に勝利したのち、本拠地である石山本願寺後に秀吉が建設した本拠地を何というか。,大阪城,
75,九州の島津氏を破った秀吉に最後まで抵抗した関東の大名とは誰か。,北条氏/北条氏政,
76,秀吉の朝鮮侵略の際に日本に連れてこられた朝鮮の陶工たちによって広められた器を何というか。,陶磁器,
77,１５９２年、明の征服を目指して、大軍を朝鮮に派遣した出来事を何というか。,文禄の役,
78,明との講和が成立せず、１５９８年に再び始まった戦いを何というか。,慶長の役,
79,日本の侵略に対して水軍を率いて戦った朝鮮の将軍とは誰か。,李舜臣,
80,李舜臣が導入し、日本の水軍を苦しめた兵器とは何か。,亀甲船,
81,石高１石とは米約何ｋｇを指すか。,１５０/１５０ｋｇ,
82,文禄の役の際に、日本の軍勢が占領した朝鮮の首都とはどこか。,漢城/ソウル,
83,信長や秀吉に仕え、茶の湯を広めた堺の商人とは誰か。,千利休,
84,信長や秀吉が中心となり、大名や豪商の権力や富が繁栄された文化を何というか。,桃山文化,
85,唐獅子図屏風などのふすま絵や屏風絵を描いた画家とは誰か。,狩野永徳,
86,桃山文化が生まれる中で、大名や豪商の間で交際の手段として用いられた芸能とは何か。,茶の湯,
87,出雲の阿国によって広められたといわれる芸能とは何か。,かぶき踊り/かぶきおどり,
88,かぶき踊りを世に広め歌舞伎の元を作ったとされる人物とは誰か。,出雲の阿国/阿国,
89,民衆の衣装として使われるようになった色鮮やかな衣服を何というか。,小袖,
90,一般民衆の衣服に麻に代わって用いられるようになった素材は何か。,木綿,
91,三味線に合わせて小唄や語りをする芸能を何というか。,浄瑠璃,
92,浄瑠璃を行う際に用いられる、琉球の三線を模した楽器とは何か。,三味線,
93,南蛮貿易の中で日本にも伝わった、凹凸のあるピースを組み合わせたりして大量に同じものを印刷する手段を何というか。,活版印刷/活版印刷術,
94,秀吉の死後、豊臣派の西軍と徳川派の東軍がぶつかった戦いを何というか。,関ヶ原の戦い,
95,関ヶ原の戦いの際に、実質上、西軍を率いた人物とは誰か。,石田三成,
96,関ヶ原の戦いの際に、東軍を率いた人物とは誰か。,徳川家康,
97,１６１４年と１５年の２度にわたる戦いで、豊臣家を滅ぼした戦いとは何か。,大坂の陣/大阪の陣,
98,江戸幕府において、幕府が直接支配する土地を何というか。,幕領,
99,石高がいくら以上を大名として藩を任せたか。,１万/１万石/１００００/１００００石,
100,家康の死後、家康を祀るために秀忠により建立された寺院とは何か。,日光東照宮,
101,大名のうち、関ヶ原の戦い以前より家康に付き従っていた者を何というか。,譜代/譜代大名,
102,大名のうち、関ヶ原の戦い以降に家康に付き従った者を何というか。,外様/外様大名,
103,大名のうち、徳川家の一族を何というか。,親藩,
104,各大名が、支配を任される範囲を何というか。,藩,
105,将軍を中心に幕府と藩によって国内の土地や人民を支配する仕組みを何というか。,幕藩体制,
106,幕府において、政治を中心となって行う役職を何というか。,老中,
107,幕府において、緊急時などに置かれる全権を任される役職を何というか。,大老,
108,幕府政治において、老中の補佐を行い、代替わりに備える役職を何というか。,若年寄,
109,幕府政治で、主に財政管理を行う役職を何というか。,勘定奉行,
110,江戸の町において、南北に置かれる、警察や裁判所の役割を担う役職を何というか。,町奉行,
111,幕府政治のいて、大名や役人の不正などの内部の監視を行う役職を何というか。,大目付,
112,江戸幕府において、朝廷や西日本の大名の監視を行う役職を何というか。,京都所司代,
113,江戸幕府において、西日本の軍事を統括する役職を何というか。,大阪城代,
114,１６１５年に定められた、大大名や役人たちが守らなければならないきまりを何というか。,武家諸法度,
115,武家諸法度に参勤交代の決まりを追加した人物は誰か。,徳川家光,
116,３代将軍家光の時代に武家諸法度に追加された決まりとは何か。,参勤交代,
117,幕府が定めた、天皇や朝廷の仕事や役割などを定めた法を何というか。,禁中並公家諸法度,
118,家康や秀吉の時代に行われた、海外への渡航を許可した書状を持ったものが行う貿易を何というか。,朱印船貿易,
119,家康や秀吉の時代に作られた、海外渡航の許可状を何というか。,朱印状,
120,江戸時代、多くの商人らが東南アジア方面に進出し、現地で形成された日本人が多く暮らす町を何というか。,日本町,
121,１６１２年に出された、幕領内でのキリスト教を禁じる命令を何というか。,禁教令,
122,日本人の海外渡航の禁止とともに、国内のオランダ人が移された場所とはどこか。,出島,
123,鎖国後も日本への来航を認められたのは、オランダとどこか。,中国,
124,鎖国後も日本への来航を認められたのは、中国とどこか。,オランダ,
125,１６３７年に領主からの年貢の取り立てやキリスト教への迫害に対して発生した一揆を何というか。,島原・天草一揆/島原天草一揆,
126,島原・天草一揆の際に民衆の先頭に立ち戦った人物とは誰か。,天草四郎/益田時貞,
127,幕府がとった、禁教・貿易統制・海外往来の禁止・外交独占の政策を何というか。,鎖国,
128,幕府がキリスト教の信者かどうかを確かめるために取った方法を何というか。,絵踏,
129,幕府がキリスト教の信者かどうかを確かめる際に使われた道具とは何か。,踏絵,
130,幕府が民衆の信仰と所属する寺社などを確認し記録したものを何というか。,宗門改帳,
131,鎖国後の海外との窓口として朝鮮との窓口になったのはどこか。,対馬藩,
132,鎖国後、対馬藩が仲介役を果たした国とはどこか。,朝鮮,
133,鎖国後の海外との窓口として琉球王国との窓口になったのはどこか。,薩摩藩,
134,鎖国後、薩摩藩が窓口として対応した国はどこか。,琉球王国,
135,鎖国後の海外との窓口として、蝦夷地との窓口になったのはどこか。,松前藩,
136,鎖国後、松前藩が窓口として対応した地域はどこか。,蝦夷地,
137,海外の船が日本に来航する際に、入国と引き換えに提出を求められた情報書を何というか。,風説書,
138,日本に来日した中国の人々が居住する場所を何というか。,唐人屋敷,
139,１７世紀前半に、女真族によって作られた王朝とは何か。,清,
140,国交を回復した朝鮮から将軍の代替わりなどの際に祝いに訪れる使節を何というか。,朝鮮通信使,
141,日本から朝鮮へと使いを出した際に、日本からの使いが入国を認められる場所を何というか。,倭館,
142,海外との貿易の際に日本からの輸出品として重宝された、海産物などを俵に詰めたものを何というか。,俵物,
143,将軍の代替わりや国王の交代の際に日本を訪れる琉球王国の使いを何というか。,琉球使節,
144,松前藩が交易の相手とした民族は何か。,アイヌ民族,
145,元来は、歓迎の儀式だったものをアイヌの支配に利用したことがらを何というか答えなさい。,オムシャ,
146,１７世紀後半、不当な交易に対して蜂起したアイヌの酋長とは誰か。,シャクシャイン,
147,１７世紀後半、不当な交易に対したアイヌ民族の反乱を何というか。,シャクシャインの乱,
148,武士や町人と違い、村で自給自足に近い生活をする人々を何というか。,百姓,
149,城下町に住居を持ち、生活をする商人や職人らを何というか。,町人,
150,武士が半年に一度、米で支給される給与を何というか。,俸禄,
151,武士にのみ許される刀を所持することを何というか。,帯刀,
152,町人のうち、町の自治を行うような人々を何というか。,町役人,
153,町に暮らす人の大部分を占める、自分の家を持たず、家を借りて暮らす人々を何というか。,借家人,
154,幼いころから商家に住み込み働きながら仕事を覚える人を何というか。,奉公人,
155,農村に暮らし、自らの土地を持つ人を何というか。,本百姓,
156,農村に暮らし、自らの土地を持たず、土地を借りて農作業をする人を何というか。,水のみ百姓/小作人,
157,農村に暮らす人の中で、村の自治に関わる人を何というか。,村役人,
158,村の自治を行う上で全体を管理し、村役人に指示を出す幕府の役人を何というか。,郡代/代官,
159,町の自治を管理する幕府の役人を何というか。,町奉行,
160,江戸時代の寺子屋などの教育の場で女性の務めなどをまとめて書いた書物を何というか。,女大学,
161,村ごとに定められた年貢の割合として、全体の４割を年貢として納めることを何というか。,四公六民,
162,年貢の納入や一揆の画策防止など、連帯責任を負わすことで農民らに互いに監視させる仕組みを何というか。,五人組,
163,年貢の納入以外に、牛馬の解体や皮革業、牢屋番などの仕事を請け負った人々を何というか。,えた/穢多,
164,用水路の開発や海や沼地の干拓などで農地を増やす取り組みを何というか。,新田開発,
165,西日本の綿花畑などで多く使われた、イワシを原料とした肥料を何というか。,干鰯,
166,米の脱穀作業の効率化を図った農具を何というか。,千歯こき,
167,鉄製で、先端を板状から又状にして、より軽く深く耕作を行えるようにした農具を何というか。,備中ぐわ,
168,年貢の米以外に木綿や菜種などの貨幣を得るようの作物を何というか。,商品作物,
169,諸地域の産業として、木曽地域で有名になった樹木とは何か。,ひのき/檜,
170,諸地域の産業として、秋田周辺で有名になった樹木とは何か。,すぎ/杉,
171,漁網の改良などにより、漁獲量が増えるようになり、地引網での大規模なイワシ漁が行われるようになったのはどこか。,九十九里浜,
172,ニシンやコンブ漁が盛んに行われたのはどこか。,蝦夷地,
173,瀬戸内沿岸で生産された特産品とは何か。,塩,
174,江戸中期に鉱山開発と精錬技術の進歩により、全国に流通するようになった銅銭とは何か。,寛永通宝,
175,世界遺産にも指定された、中国地方にある銀山とは何か。,石見銀山,
176,１７世紀後半繁栄した、江戸・大阪・京都を合わせて何というか。,三都,
177,三都のうち、江戸は何と呼ばれたか,将軍のおひざもと/将軍のお膝元,
178,三都のうち、大阪は何と呼ばれたか,天下の台所,
179,各藩が、自国の年貢米や特産品を収蔵販売した場所を何というか。,蔵屋敷,
180,商人が、同業者で組合を作り、税を納めることで商売の独占を認められた集まりを何というか。,株仲間,
181,江戸を中心に各地に伸びる主要な５本の道を何というか。,五街道,
182,五街道のうち太平洋沿岸を京都に向けて伸びる道を何というか。,東海道,
183,五街道のうち信州中央高地を通り京都へ向かう道を何というか。,中山道,
184,五街道のうち江戸から日光東照宮に向け伸びる道を何というか。,日光街道/日光道中,
185,五街道のうち江戸から東北地方に向けて伸びる道を何というか。,奥州街道/奥州道中,
186,主要な街道の沿いに、宿泊できる宿などが集まっているところを何というか。,宿場町/宿場,
187,江戸時代に手紙や荷物を徒歩で運んだ運送業者を何というか。,飛脚,
188,海上運送に用いられた貨物用船舶を何というか。,菱垣廻船,
189,海上運送に用いられ、主にしょう油や酒などの運搬に用いられた船舶を何というか。,樽廻船,
190,江戸を出発し、東北地方を通過し、日本海側から下関を通過し大阪に戻る航路を何というか。,西廻り航路,
191,東北地方の日本海側から津軽海峡を通過し太平洋を南下して江戸に向かう航路を何というか。,東廻り航路,
192,浅草寺など寺社の前に商店が並び参詣する人々が集まるところを何というか。,門前町,
193,１７世紀中ごろ５代将軍に就任した人物は誰か。,徳川綱吉,
194,徳川綱吉が主従関係や年功を重視して推奨した学問とは何か。,朱子学,
195,徳川綱吉が、動物愛護のために発布した法とは何か。,生類憐みの令,
196,１８世紀に６代将軍、７代将軍に仕えて正徳の治をすすめた儒学者とは誰か。,新井白石,
197,新井白石が推し進めた政策を何というか。,正徳の治,
198,１７世紀中ごろから上方を中心に広まった文化を何というか。,元禄文化,
199,元禄文化は、主にどのような人々を中心に広まったか。,町人,
200,元々商人であったが、武士や町人の生活を基に浮世草子を著し多くの作品を残した人物は誰か。,井原西鶴,
201,井原西鶴などが著した、当時の武士や町人らの生活を描いた小説を何というか。,浮世草子,
202,『奥の細道』など全国を放浪しながら、俳句を詠みその芸術性を高めた人物は誰か。,松尾芭蕉,
203,元武士であったが、後に曾根崎心中など人形浄瑠璃などの脚本を書いた人物は誰か。,近松門左衛門,
204,庶民の演劇として発達し、坂田藤十郎や市川團十郎などの人気役者があらわれた芸能とは何か。,歌舞伎,
205,風神雷神図屛風などの装飾画を描いた画家は誰か。,俵屋宗達,
206,屏風絵だけではなく硯箱などにも装飾を施し、八橋蒔絵螺鈿硯箱などの作品を残した人物は誰か。,尾形光琳,
207,菱川師宣が、町人の風俗をなどを肉筆で描いて始まったとされている絵画を何というか。,浮世絵,
208,江戸の町で町人の風俗を描き、浮世絵の祖と呼ばれた人物は誰か。,菱川師宣,
209,菜種の油を用いて、灯りを作り夜間にも生活できるきっかけになった道具とは何か。,行灯,
210,水戸藩主の徳川光圀によって編纂された日本の歴史についてまとめた書物を何というか。,大日本史,
211,１８世紀にこれまでの将軍家が途絶え、紀州徳川家から選ばれた８代将軍とは誰か。,徳川吉宗,
212,徳川吉宗が進めた財政立て直しのために政治改革を何というか。,享保の改革,
213,大名の参勤交代に期間を定められた量の米を納めることで、１年から半年に短縮する仕組みを何というか。,上げ米の制,
214,有能な人材確保のため、個人に対して期間限定で石高を追加する仕組みを何というか。,足高の制,
215,８代将軍吉宗が政治を行う上で、民衆からの意見をくみ取ろうと設置したものとは何か。,目安箱,
216,８代将軍吉宗が裁判の基準の統一を図りまとめたものを何というか。,公事方御定書,
217,火事による被害が多かった江戸の町に設置されたものは何か。,町火消し,
218,１８世紀、問屋が百姓の家を回って、原料や道具、お金を貸して織物などを作らせて安く買いとる方法を何というか。,問屋制家内工業,
219,１９世紀、地主や商人が工場を建設し、人を雇って分業で製品を作らせる方法を何というか。,工場制手工業/マニュファクチュア,
220,自らの土地を手放し、地主などから土地を借りて、賃料を払って農業を行う人を何というか。,小作人,
221,百姓が、領主に年貢の軽減を訴えたり、不正を働く役人の交代を要求するために蜂起することを何というか。,百姓一揆,
222,都市部で、米の買い占めを行う商人らに対して、商店を襲うなどの行動にを何というか。,打ちこわし,
223,百姓一揆などを行う際に、一揆の中心人物が特定できないようにするために用いたものを何というか。,からかさ連判状,
224,１８世紀後半、農業中心から商工業中心の財政政策に切り替えた老中は誰か。,田沼意次,
225,年貢の増量を目指して、田沼意次が開拓させた場所とはどこか。,印旛沼,
226,田沼意次の失脚後に老中になり政治を行ったのは誰か。,松平定信,
227,松平定信が行った政治改革を何というか。,寛政の改革,
228,凶作やききんに備えて、各地に米を蓄えさせた政策を何というか。,囲い米,
229,幕府の学問所で朱子学以外に学問を禁止したことを何というか。,寛政異学の禁,
230,松平定信が行った旗本や御家人の借金を帳消しにする命令を何というか。,棄捐令,
231,松平定信が行った、町に出稼ぎに来ていた農民を農村に帰らせて農業に専念さる政策を何というか。,旧里帰農令,
232,松平定信が作った、ききんなどで農村に住めなくなった農民らに職業訓練を行う使節を何というか。,人足寄場,
233,幕府が幕臣の教育などのために湯島に作った幕府公認の学問所を何というか。,昌平坂学問所,
234,１８世紀末、漂流していた大黒屋光太夫らを日本に届けて通商を願い出たロシア使節は誰か。,ラクスマン,
235,１９世紀初め、長崎以外での通商ができないとして、長崎に来航したロシア人使節とは誰か。,レザノフ,
236,ロシアを警戒する幕府が、蝦夷地や樺太の調査を指示した密偵とは誰か。,間宮林蔵,
237,間宮林蔵が、幕府の命で調査した場所とは蝦夷地とどこか。,樺太/サハリン,
238,旗本や御家人の俸禄米をお金に変える業者を何というか。,札差,
239,財政難に苦しむ藩政を立て直すために、俸禄を削減するために藩独自に発行した紙幣を何というか。,藩札,
240,１７世紀後半、熊本藩で質素・倹約をすすめ、特産のはぜの販売を専売にすることで財政の立て直しに成功した藩主とは誰か。,細川重賢,
241,古典や歴史研究をすすめて、仏教や儒学が入る前の日本古来のものの考え方などを研究する学問を何というか。,国学,
242,国学の研究者で『古事記伝』などを著した人物は誰か。,本居宣長,
243,オランダ語で書かれた西洋の書物から西洋の学問や文化を学ぶ学問を何というか。,蘭学,
244,蘭学者で前野良沢とともにオランダの解剖書を翻訳し『解体新書』を出版した人物は誰か。,杉田玄白,
245,杉田玄白と前野良沢らによって出版されたオランダ語で書かれた解剖書の翻訳本の書名は何か。,解体新書,
246,１９世紀の初め、天文学を学び、全国の海岸線を記録して日本地図を作った人物は誰か。,伊能忠敬,
247,伊能忠敬が、天文学の研究をし日本の海岸線の計測を行って出来上がったものとは何か。,日本地図,
248,１９世紀前半、経済的に発展した江戸の庶民らが中心となり生まれた文化とは何か。,化政文化,
249,幕府の批判や世相の皮肉などを詠んだ歌を何というか。,川柳/狂歌,
250,貸本が流行する中、十返舎一九が書いた伊勢参りをする二人組の物語とは何か。,東海道中膝栗毛,
251,『東海道中膝栗毛』の作者は誰か。,十返舎一九,
252,貸本が流行する中、曲亭馬琴が書いた長編英雄譚とは何か。,南総里見八犬伝,
253,『南総里見八犬伝』の作者は誰か。,曲亭馬琴/態澤馬琴,滝沢馬琴
254,鈴木春信が始めたとされる。多色刷りの色版画を何というか。,錦絵,
255,錦絵の生みの親と言われる人物は誰か。,鈴木春信,
256,ぽっぴんを吹く女など美人画を得意とした浮世絵師とは誰か。,喜多川歌麿,
257,富嶽三十六景を描いた浮世絵師は誰か。,葛飾北斎,
258,葛飾北斎が描いた一連の富士山をえがいた作品を何というか。,富嶽三十六景,
259,日本橋から京都までの区間の宿場町などを描いた作品たちを何というか。,東海道五十三次,
260,東海道五十三次を描いた浮世絵師は誰か。,歌川広重/安藤広重,
261,各藩で藩士育成のために設けられた学校を何というか。,藩校,
262,大阪の医師で適塾を開いた人物は誰か。,尾形洪庵,
263,尾形洪庵が大阪で開いた私塾を何というか。,適塾,
264,シーボルトが開いた医学の私塾を何というか,鳴滝塾,
265,鳴滝塾を開いた、ドイツ人医師とは誰か。,シーボルト,
266,庶民の間でも教育への関心が高まり、読み・書き・そろばんなどの実用的な知識や技能を教えた場を何というか。,寺子屋,
267,長州藩で、倒幕の中心となった人々が育った吉田松陰が開いた私塾を何というか。,松下村塾,
268,長州藩で、松下村塾を開いた人物とは誰か。,吉田松陰,
269,化政文化の中で絵画的な作風の俳諧を多く読んだ俳人とは誰か。,与謝蕪村,
270,化政文化の中で農民の素朴な感情を表した作風の俳諧を多く読んだ俳人とは誰か。,小林一茶,
271,１９世紀初め、イギリスの軍艦が長崎の港に侵入し薪や水・食料を要求した出来事を何というか。,フェートン号事件,
272,１８２５年、外国船の接近が増える中で、外国船を砲撃して追い払うよう指示した命令を何というか。,異国船打払令,
273,幕府の対外政策を批判し、渡辺崋山や高野長英らが投獄されたできごとを何というか。,蛮社の獄,
274,幕府の対外政策を批判し、渡辺崋山とともに投獄された蘭学者とは誰か。,高野長英,
275,幕府の対外政策を批判し、高野長英とともに投獄された蘭学者とは誰か。,渡辺崋山,
276,天保のききんで全国的に餓死者が出る中、大阪でききんに苦しむ人々の救済を求めて蜂起した元役人とは誰か。,大塩平八郎,
277,天保のききんで全国的に餓死者が出る中、大阪でききんに苦しむ人々の救済を求めて蜂起した元役人が起こした反乱とは何か。,大塩平八郎の乱/大塩の乱,
278,１９世紀半ば、幕府の権力回復をめざして幕政改革を行った老中とは誰か。,水野忠邦,
279,水野忠邦が行った幕政改革を何というか。,天保の改革,
280,水野忠邦が行った江戸に出稼ぎにきていた農民を農村に返した命令を何というか。,人返令,
281,江戸や大阪周辺の旗本や御家人の領地を回収し幕領に組み込もうとした政策を何というか。,上知令,
282,アヘン戦争に敗れた清の状況をつかんだ幕府が、外国船の受け入れと水や薪のみ認めた政策を何というか。,薪水給与令,
283,高温を出し高品質の鉄を精錬できるようにした窯を何というか。,反射炉,
284,薩摩や長州、肥前など藩政改革に成功し、財政を回復し、軍備も整えることができた藩を何というか。,雄藩,
285,アメリカの商船が、日本の漂流民を日本に送ろうとするも砲撃で撃退されたできごとを何というか。,モリソン号事件,
